text,label
المكالمات الواردة لك اضبطها صح الآن تحكم بمكالماتك على كيفك مع خدمة جوال كنترول اللي تتيح لك التحكم في حجب أو رفض المكالمات والمزيد من المزايا الأخرى للاشتراك أرسل إلى للإلغاء أرسل إلى يمكنك الاشتراك والالغاء عن طريق قيمة الاشتراك ريالشهر,0
لدى أكثر من مجرد صفقات رائعة اليوم لدينا فرص كبيرة لك للحصول على ما يصل إلى ريال,1
استمتع بأفضل المسلسلات والأفلام والقنوات الإضافية مع فيديو الذي يتوفر دائما على نحو جديد تشاهده,1
تنبيهات بالنسبة إلى وضع الحجز الأمني الخاص بك على بطاقة التأمين ضد البطالة الخاصة بك بسبب سرقة الهوية قم بزيارة لإزالة الحجز,1
أرسل إلى و استمتع بتجربة مجانية لتطبيق جوي تي في لمدة أيام آلاف الأفلام و المسلسلات بانتظارك بالإضافة إلى قنوات البث المباشرسعر الاشتراك بعد الفترة المجانية ريال تتجدد شهرياتقدم الفترة المجانية للعملاء الجدد فقط,0
معا لأجل التمكين سجل رغبتك في الحضور للمشاركة في الخطة الاستراتيجية وسيتم السحب على أجهزة آيباد,0
احصل على مكافأة بقيمة ريال من,1
نشاط غير عادي لقد قمنا بإغلاق حسابك في أمازون بسبب نشاط غير عادي تسجيل دخول جديد من روسيا قام نظامنا بقفل حسابك في لأسباب أمنية لفتح حساب الخاص بك يرجى التحقق من هويتك أدناه لم تقم بالتحقق من هويتك إذا قبل ساعة سيتم التحقق من حسابك في أمازون تم إنهاؤه,1
لقد تم شحن جوالك ب ريال,0
كتاب كفايات الحاسب الآلي النسخة للعام لشرح جميع المعايير بالاضافة لنماذج اسئلة من الاعوام السابقة للتحميل من هنا,0
تبي تريح بالك من المكالمات وترد على اللي تبي بدون إحراجات مع موجود إكسترا تقدر تحول مكالماتك ويظهر للمتصل إن جوالك مقفل وراح يجيك تنبيه بمعلومات المتصلين للاشتراك أرسل إلى للإلغاء أرسل إلى يمكنك الاشتراك والالغاء عن طريق قيمة الاشتراك ريال شهريا,0
عضويتك معلقة لاستخدام حسابك كالمعتاد تحتاج إلى تحديث بعض المشاكل المتعلقة بمعلومات الفواتير الحالية انقر فوق الرابط أدناه لتحديث حسابك مع تحياتي المحدودة,1
خصمعند شرائك واكثر من منتجات الشعر الجديدة كليا وبخصائصها الجديدة,0
المدفوعات النقدية عن طريق,1
احصل على ريال سهل كل ما عليك فعله هو تقديم بعض المعلومات وسوف تصبح ثريا قريبا,1
جيجا ومكالمات لا محدودة مع سوا شيراستمتع ب جيجا انترنت بالإضافة إلى جيجا لمواقع التواصل الاجتماعي ومكالمات لامحدودة داخل الشبكة كل هذا ب ريال فقط للاشتراك أرسل إلى لمعرفة المزيد عن باقات سوا أرسل إلى,0
الخدمة البريدية بسبب العنوان غير صحيح لا يمكن تسليم الطرد يرجى اتباع الرابط لتحديث العنوان الصحيح,1
لايفوتك العرض بآخر يومين سامسونج جالكسي ب رس,0
مرحبا أنا سامي وقد قمت للتو بتحميل أفضل مقاطع الفيديو الجديدة على موقعي الشخصي تجده هنا,1
هل ينتقل فيروس كورونا عبر الشحنات القادمة من الصينبناء على المعلومات المتوفرة حالي لايوجد خطر في البضائع المستوردة من الصينأسئلة أكثر ومعلومات مهمة حول كورونا تجدونها على هذا الرابط تحياتوزارة الصحة,0
رسائل المجانية تم حظر الخصم الخاص بك بسبب نشاط غير منتظم للتصديق يرجى اتباع,1
بمناسبةذكرىالبيعة نجدد العهد والولاء ونهديكم سوشل بلا حدود لجميع عملاء المفوتر وسوا لمدة ساعة يوم الإثنين ربيع الآخر الموافق ديسمبر من الساعة ص وحتى الساعة م تم تفعيل العرض بشكل تلقائي لكل عملاء المفوتر وسوا,0
تعوضك بمبلغ ريال الوقت المتبقي للمطالبة ساعة ستعوض لك مبلغ ريال الوقت المتبقي للمطالبة ساعة,1
المناطق لقد تم منع استخدام الخصم الخاص بك بسبب سلوك غير عادي انتقل إلى التفاصيل الخاصة بك لإعادة التنشيط,1
مرحبا أنا أخبار عظيمة لقد سددت ما لا يقل عن من هاتفك الحالي إذا كنت مهتما بمعرفة عرضنا على قم بالرد بنعم لتلقي التفاصيل,1
ترغب شركة البيع بالتجزئة التابعة ل في مساعدتك في هذا الاستبيان الرسمي وأي شخص يدخل في هذا الاستبيان سيحصل على استبيان مجاني عن المنتج,1
خصم من حسابك في نقد,0
خليناها جيجا في سوا لايك احصل على جيجا خاصة بشبكات التواصل الاجتماعي جيجا إنترنت مع جيجا إضافية جيجا في شبكة واي فاي ومكالمات دقيقة داخل الشبكة كل هذا ب ريال فقط صلاحية الباقة أسابيع للاشتراك أرسل إلى سيتم تفعيل ال جيجا الإضافية خلال ساعة العرض صالح لمدة أيام فقط لمعرفة المزيد عن باقات سوا أرسل إلى أو عن طريق زيارة تطبيق,0
عززالعمل تم حظر بطاقة الصراف الآلي الخاصة بك لأنك لا تملك التحدث بذا الرقم على الفور للتحدث,1
يحتوي سجل سيارتك على إدخال جديد,1
عكس عمليةبطاقةمدى الى لدى مبلغ في,0
شاهد الموسم السادس الان ارسل ل للاشتراك بتطبيق جوي تي في ومشاهدة الموسم السادس والأخير من مقابل ريال فقط شهريا كرسوم مخفضة لأول شهوربالاضافه الى ايام مجانا وبيانات لامحدوده على التطبيق,0
معارضنا الآن مفتوحة لخدمتكم في تخفيضات اكسترا الكبرى,0
عميلنا العزيز شكرا لتزويدنا بالبصمة لإتمام عملية التحقق بيانات عملية التحقق كالتالي رقم الخدمة رقم العملية الحكومي رقم العملية الداخلي تاريخ العملية حالة العملية ناجحة,0
أرسل لك هذه الصور تجد أدناه,1
ضع إضافتنا على سيارتك وادفع سبعمائة ريال أسبوعيا لمزيد من التفاصيل اضغط على,1
عميلنا العزيزعروضك الخاصة من سوا في انتظاركاستخدم الرابط التالي للدخول فضلا تأكد من ايقاف الواي فاي قبل الدخول على الرابط أعلاه,0
مجتمعين أي بيتزا كبيرة مع طلب جانبي ب ريال بس طوال الأسبوع لطلبات الأونلاين المستلمة من الفرع,0
الموضوع تسجيل دخول جهاز جديد تمت محاولة تسجيل الدخول إلى من متصفح غير معروف يرجى التأكد من صحة التفاصيل التالية قبل السماح بتسجيل الدخول الوقت فبراير عنوان المتصفح الموقع تكساس الولايات المتحدة السعودية إذا كانت التفاصيل المذكورة أعلاه صحيحة فيمكنك تجاهل هذه الرسالة القصيرة إذا لم يكن الأمر كذلك فانقر على الرابط التالي لتحديث حسابك إذا لم تقم بالتحديث قبل ساعة فسيتم إنهاء حسابك تلقائيا,1
لقد تم تعطيل بطاقتك أعد تمكينه على لإبقائه سليما,1
احصل على بطاقة هدايا بقيمة ريال من,1
صارت جيجا مع سوا شير استمتع ب جيجا لمواقع التواصل الاجتماعي جيجا انترنت بالإضافة إلى مكالمات لامحدودة داخل الشبكة صالحة لمدة أسابيع كل هذا ب ريال فقط للاشتراك أرسل إلى للمزيد عن باقات سوا أرسل إلى,0
توفيرك صار أكثر مع سوا لايك احصل على دقيقة داخل الشبكة و جيجا لبرامج التواصل الاجتماعي و جيجا انترنت وجيجا انترنت على شبكة الواي فاي الرصيد المطلوب ريال بس أرسل الى للاشتراك بباقة سوا لايك صلاحية الباقة اسابيع احصل على مكالمات لا محدودة داخل الشبكة و جيجا لبرامج التواصل الاجتماعي و جيجا انترنت و جيجا انترنت على شبكة الواي فاي سعر الباقة ريال بس أرسل الى للاشتراك بباقة سوا شير صلاحية الباقة اسابيع للمزيد عن باقات سوا أرسل إلى السعر لا يشمل ال ضريبة القيمة المضافة لتحصيلها مسبقا عند شراء بطاقة الشحن,0
الخطوط السعودية تعلق الرحلات من وإلى باكستان,0
شاهد بطولة العالم للوزن الثقيل في الملاكمة مباشر على جوي تي ي بين الملاكمين آندي رويز جونيور وأنتوني جوشواسوف يتم نقل المباراة الساعة صباحا على تطبيق جوي تي ي على قناة ارسل الى واشترك في تطبيق جوي تي ي بسعر ريالشهري وشاهد المباراة على قناة سعر الاشتراك بعد أشهر ريال شهري,0
لا تفوتها احصل على دقيقة محلية من موبايلي لجميع الشبكات صالحة لمدة شهر كامل مقابل ريال فقط للإشتراك بالباقة أو لتجديد اشتراكك في حال انتهاء رصيد الدقائق المجانية لديك ارسل الى الإشتلراك يتجدد تلقائيا نهاية المدة اذا كنت ترغب في الغاء اشتراكك بالعرض فضلا ارسل إلى,0
تم قفل حسابك بسبب محاولة احتيال تمت في ديسمبر لمنع إغلاق الحساب يرجى زيارة للتحقق من,1
عميلنا العزيز نفيدك بانه تم استنفاذ من باقة البيانات لعرض الهوية الجديدة جيجا بيانات إضافية للاستعلام عن البيانات المتبقية ارسل الى,0
عميلنا العزيزارسل إلى لتحصل على اشتراك تطبيق جوي تي في الآن بسعر ريال مع بيانات لامحدودة على التطبيق لأول ثلاثة أشهر شاهد الفلم قصة حب الآن حصريا على تطبيق جوي تي فيسعر الاشتراك بعد أشهر ريال شهري,0
شراء انترنت بطاقةمدى من لدى مبلغ في,0
لديك كيف يمكنك الاستثمار والتسجيل كيف يمكنك المشاركة أرسل لي رسالة عبر,1
عزيزالعميل تم حظر بطاقة الصراف الآلي الخاصة بك لأنك لم يكن لديك حتى الآن التحديث إذا كنت تريد عمل بطاقة الصراف الآلي الخاصة بك بشكل صحيح فاتصل بهذا الرقم على الفور,1
لقد تم استلام فاتورتنا للشهر الماضي شكرا لك إليكم مكافأة الولاء الصغيرة لدينا,1
مولات اكا تقدم قسمة شرائة مجانا بمناسبة عد الأضحى المبارك ومرور سنة على تأسسا سارع وأحصل على قسمتك قبل نفاذ الكمة من نا,1
لا تفوت احتفال زعيم آسيا بنقل حي ومباشر على تطبيق جوي تي فيأرسل إلى وكن مع الحدث الأهمبقيمة ريال اشتراك شهريا لمدة ثلاث أشهر,0
عزيزي العميل تقريرك للمركبة ح و ص جاهزأضغط على الرابط التالي,0
الاتحاد الائتماني ألتورا إشعار الحساب عبر الإنترنت انقر أدناه لفتح الرسالة,1
تأكد من الحصول على ما لديهم من شركة لأنهم نادرا ما يتنازلون عن ريالا لذلك عليك أن تحصل عليه عندما تستطيع,1
سوف تحصل على الحزمة الخاصة بك اليوم يا رسالة نصية,1
يجب تصحيح عنوان التسليم الخاص بك هنا قم بتمكين إعادة تسليم العناصر المرتجعة,1
شراء عبر نقاط البيعبطاقةمدىأثيرمنلدى مبلغ في,0
محتاج كاشأطلب أسهل تمويل كاش متوافق مع أحكام الشريعة,0
خليناها جيجا في سوا لايك احصل على جيجا خاصة بشبكات التواصل الاجتماعي جيجا إنترنت مع جيجا إضافية جيجا في شبكة واي فاي ومكالمات دقيقة داخل الشبكة كل هذا ب ريال فقط صلاحية الباقة أسابيع للاشتراك أرسل إلى لا تفوت الفرصة العرض لمدة محدودة هذا العرض متاح حتى يوليو سيتم تفعيل ال جيجا الإضافية خلال ساعة لمعرفة المزيد عن باقات سوا أرسل إلى أو عن طريق زيارة تطبيق,0
همة حتى القمة اشتري ب واحصل على زيت عطري المحارب,0
مرحبا بك في الرسائل النصية القصيرة من قم بالرد ب مساعدة للمزيد أو إيقاف لإلغاء الاشتراك في تلقي الرسائل تنطبق الأسعار القياسية جوستينا بريتن نشكرك على الاشتراك لتلقي رسائلنا التسويقية أرسل رسالة نصية إلى لإلغاء الاشتراك جوستينا بريتن لقد تلقيت قسيمة لعملية الشراء القادمة استخدم الرمز لإلغاء الاشتراك في أي وقت أرسل رسالة نصية أو رسالة نصية لمزيد من المعلومات,1
عزيزي المواطن والمقيم تجاهل الرسائل النصية المشبوهة التي تطلب منك تحديث بياناتك البنكية فتلك رسائل احتيال يجب الحذر منها وعدم التجاوب معها,0
تنبيه أرسل لك رسالة خاصة اقرأ وقل مرحبا أدناه,1
نسالك يارب في هذه الجمعه أن تحفظ علينا النعم وتدفع عنا النقم وأن ترزقنا حلو الحياة وخير العطاء وسعة الرزق وراحة البال ولباس العافية وحسن الخاتمة واكتب اليسر لمن يعاني من العسر والراحه لمن به هم والسعاده لمن لازمه الحزن والشفاء لمن لامسه المرض والمغفرة لمن سبقنا للقبر والإجابة لمن يدعيك اللهم صل وسلم على نبينا محمد,0
السلام عليكم ورحمة الله وبركاته مثل ما في العنوان اسم القناة سعود وسارة من أفضل قنوات الأطفال هدفها تعليم القرآن وغرس الفضيلة في نفس الطفل وتقديمه في مسلسل بأسلوب مشوق ومحبب للطفل اشتركوا لاطفالكم وشاهدوا مسلسل سعود وساره اول مسلسل يعلم الاطفال القران الكريم وهذا هو الرابط اضغط واشترك انشر واحتسب الأجر,0
مبروك لقد فزت معانا بملون لاستلام الجائزة نرجو التواصل على,1
تحذير من اختراق أمان الهاتف المحمول تحذير انتهكت التطبيقات أمان هاتفك المحمول اتخاذ إجراءات سريعة لإزالتها للحصول على المساعدة انقر فوق,1
إذا سبق لك زيارة فأنت مؤهل للحصول على هذه الهدية الرائعة,1
تبقى يومين على السحب سارع بدعم ناديك جهاز جوال ذكي بإنتظارك كل أسبوع ادعم ناديك ب ريال يوميا وادخل السحب على جهاز جوال ذكي أرسل اسم ناديك إلى,1
ظهر اسمك في هذا الاستعلام بسبب فقدان فاتورة ريالا للطاقة,1
خدمة التوصيل وصل الخاص بك إلى مركز التوزيع وتنسيق عنوانك غير صحيح يرجى التحديث,1
كلمة مرور صالحة لمرة واحدةرمز ل اضافة المستفيد تطبيق المباشر في,0
لقد تم إيقاف عمليات التسليم الخاصة بك بسبب عدم وجود رمز الشارع على الملصق الرجاء التحديث,1
عميل احصل على ريال,1
كلمة مرور صالحة لمرة واحدةرمز ل التحويل تطبيق المباشر,0
مشكلة تم تقييد حسابك تحقق من ذلك هنا فورا,1
ارسل الى واحصل على تطبيق جوي ب ريال شهري مع بيانات لا محدودة على جوي اشترك الان وأول أيام مجانا للعملاء الجدد لأول أشهر بسعر ريالشهري بدلا من ريالشهريهذا العرض متاح لك فقط حتى تاريخ م,0
لم تتم معالجة دفع فاتورتك كما هو مقرر ونحن هنا لمساعدتك في حل المشكلة اتبع للمراجعة,1
احصل على جيجا بيانات مجانية لمدة ايام عند الاشتراك في تطبيق جوي تي في ارسل إلى للاشتراك في تطبيق جوي تي في بسعر ريال شهري والحصول على العرض الخاص ستصلك البيانات المجانية بعد ساعه من الاشتراك سعر الاشتراك بعد أشهر ريال شهري,0
مطاردة المحمول الوصول عبر الإنترنت مغلق بسبب عدة محاولات فاشلة للتحويل البنكي من يرجى تحديد التفاصيل الخاصة بك على لفتح القفل,1
سنمنح ريالا لأول شخص يكملون هذا الاستفسار من أجل تقديم خدمة أفضل لأعضاء يمكن أن يكون نظام مفيدا جدا إذا لم تكن على ما يرام,1
إشعار تم إيداع مبلغ في حساب الخاص بك يرجى المطالبة بها هنا خلال ساعة عبر رسالة الوسائط المتعددة,1
الاستغفار إزالة هم و تفريج غم وتكفير ذنب و اطمئنان قلب استغفر الله العظيم و اتوب إليه,0
عززي العمل الصراف الآلي الخاص بك محظور فا تصل ذا الرقم,1
المحك الحقيقي لأخلاقك سيتجلى عند غضبك و مدى تحكمك و سيطرتك على انفعالاتك فلا تغضب صباح الهدوء,0
خاص متقاعد ضاعف ثروت خلال شرن,1
رمز الأمان لعملية الشراء لمرة واحدة,0
نحن مهتمون بشراء منزلك نقدا كما هو بسعر أو أعلى من أي عرض صالح,1
لم نتمكن من معالجة فاتورتك الأخيرة لتجنب الرسوم قم بتحديث معلومات الفواتير الخاصة بك عبر,1
يوم جيد مطلوب مراجعة سريعة لتطبيقك المصرفي على,1
قيم الخدمات العامة وساهم في بناء الوطن حمل تطبيق وطني وشاركنا تقييمكصوت فاعل لوطن عامر وطني هو أحد مبادرات المركز الوطني لقياس أداء الأجهزة العامة أداء,0
تنبيه تطبيقات على هاتفك تنتهك دفاعاته الأمنية تأكد من سلامتك عن طريق حذف هذه البرامج,1
من م إشعار هام يرجى اتباع الرابط لمزيد من التفاصيل تابع من النهاية,1
شكرا لقد تم استلام رسالتك بنجاح,0
عميلنا العزيز الآن باقات كويك نت مسبقة الدفع أصبحت متاحة لعملاء سوا أحصل على بطاقات شحن كويك نت من أحد فروعنا أو من أحد الموزعين المعتمدين وإشترك بأحدى باقات كويك نت مسبقة الدفع من رقم جوال سوا لمعرفة معلومات أكثر عن باقات كويك نت تفضل بزيارة الرابط,0
يالله أوصيك بقلبها فأسعدها دوما احفظ تلك الروح الجميلة يارب وأرزقها الجنة املىء ثغرها بالفرحة وحقق أمنياتها اللهم لاتدع لها أمرا إلا يسرته ولا حلما إلا حققته ولا أمنية إلا أسعدتها بالعيش في جمال واقعها,0
أسعار التجوال الدولي في الأردن بالريال السعودي الاتصال المحلي الاتصال إلى السعودية الاتصال الدولي استقبال المكالمة الرسالة النصية البيانات لكل ميجابايت,0
بنك تم حظر الحساب بسبب محاولات احتيال مشبوهة انقر فوق لإعادة تنشيط الحساب,1
رصيدك تبي تستمتع بمكالمات لا محدودة من سوا أرسل الى,0
أسعار التجوال في تونسمكالمة محلية ريال للدقيقة مكالمة للسعودية ريال للدقيقة مكالمة دولية ريال للدقيقة استقبال المكالمات ريال للدقيقة إرسال الرسائل القصيرة ريال للرسالة الإنترنت ورسائل الوسائط ريال للميجابايت هذه بعض الأرقام الهامة التي قد تحتاج إليها خلال إقامتك في تونسسفارة المملكة الخطوط السعودية الملحقية الثقافية طوارئ السعوديين العناية بالعملاء مجاناولمزيد من المعلومات تواصل معنا مجانا على تطبيق مع ضرورة تسجيل جواز السفر للمواطنين السعوديين عبر الرابط التالي شحن خطك عن طريق تطبيق أو من خلال حسابك في أحد البنوك السعودية أو عن طريق خدمة حول لي عبر الخطوات ادناهبرسالة نصية إلى أرسل مسافة الرقم اللي تطلب منهمسافة المبلغ,0
حسابك على أمازون مقيد مؤقتا يرجى التأكيد لاستعادة الوصول قم بالرد ب لإلغاء الاشتراك,1
التقويم الدراسي بعد التعديلات الجديدة بتمديد إجازات منتصف العام للسنوات الثلاث القادمه أسبوعين,0
تم شحن رصيدك بنجاح ب ريالتنتهي صلاحية الخدمة في الآن تم إطلاق باقات سوا الجديدة مع كثير من المزايالمزيد من التفاصيل ارسل إلى,0
لا تشيل هم استهلاكك للبيانات واشترك في اللي يناسبك من باقات بيانات سوا الجديدة والمتنوعة يومي أسبوعي شهري وبحجم بيانات يبدأ من جيجا إلى لا محدودللمزيد عن باقات بيانات سوا ارسل إلى,0
خدمة التوصيل تقديم عنوان التسليم الصحيح لتجنب التأخير في استلام البضاعة بسبب عدم اكتمال رقم الباب بعد الرد ب موافق أعد تأكيد عنوانك يرجى تحديثه في الوقت المناسب افتح الرابط في المتصفح,1
أعرض لك خطة شاملة لسيارتك متاحة مقابل ريالا فقط في الشهر فتح رد النهاية لإلغاء الاشتراك,1
كلمة مرور لمرة واحدةرمزل الشراء من السوق الالكتروني تطبيق المباشر,0
تنبيه المطاردة لقد لاحظنا وجود أنشطة غير عادية في حسابك قم بزيارة للتحقق من الأنشطة قم بالرد ب على وقد يتم تطبيق أسعار البيانات,1
بالفيديو خريجات التربية يروين معاناتهن إحداهن عملت في محل للحلويات وأخرى عاطلة وهي تحمل الماجستير,0
في انتظار التسليم مرحبا الحزمة الخاصة بك التي تحتوي على رمز التتبع في انتظارك لتأكيد عنوان الشحنة,1
هذه هدية للتعبير عن امتناننا لسجل الدفع الاستثنائي الخاص بك عيد ميلاد مجيد تي موبايل,1
تم قفل الحساب بسبب نشاط غير عادي سيظل بإمكانك إيداع الأموال في حسابك حساباتك في تفضل بزيارة الرابط لإزالة التعليق,1
عرض نهاية الأسبوع الخيالي اشتري واحصلي على مجانا من العطور,0
عزيزي العميل نحيطك علما إلى أنه تم تخصيص خدمة خاصة بالإبلاغ عن الرسائل الاحتيالية لذا نود منكم عند استلام رسائل تطلب بياناتكم البنكية لتحديثها أو تقوم بإعطاء وعود بالفوز بمكافئات الإبلاغ عنها وذلك من خلال إرسال الأرقام الواردة في الرسالة مع رقم المرسل الى الرقم,0
تطبيق الجوال كلمة السر للدخول,0
نود أن نلفت عنايتكم إلى إن فعالية الألعاب النارية المصاحبة لموسم الرياض سيتم إطلاقها اليوم الخميس الموافق م في تمام الساعة مساء ولمدة دقائق من برج الفيصلية برج المملكة ومنطقة البوليفارد عليه نأمل توخي الحيطة والحذر علما أن السرعة المقترحة خلال فترة العرض بالطرق المحيطة كمالساعة,0
حوالة واردةمحليةعبر الىمبلغ في,0
تنبيه جميع الأموال معلقة بسبب الودائع المباشرة المتعددة الاحتيالية وستظل الودائع المباشرة المتبقية معلقة قم بزيارة لإزالة التعليق,1
مركز بوابة المنطق للتدريب يعلن عن إقامة أساسيات صيانة الجوال في نسختها السادسة التفاصيل أقوى برنامج تدريب دورة أساسيات صيانة الجوال بالطائف بواقع ساعة و أيام بشهادة معتمدة من المؤسسة العامة للتدريب التقني والمهني رقم الاعتماد شروط التسجيل أن يكون المتدرب حاصل على الاقل شهادة المتوسط رابط التسجيل,0
إشعار حساس للوقت هل تتعرض لمياه غير آمنة إذا كنت أنت أو أي شخص تحبه متمركزا أو عملت أو عشت لمدة يوما على الأقل في قبل عام فقد يحق لك الحصول على تعويض كبير احصل على استشارة الخاصة بك عن طريق الاتصال بالرقم,1
الآن مع عروضنا لك وبين يديك اشحن رصيدك واسترجع من قيمة الشحن في محفظتك من خلال تطبيق طريقة شحن سوا تطبق الشروط والأحكام حمل التطبيق الآن,0
مستخدم الكمبيوتر أرسل لك دعوة للدردشة قبول أدناه,1
عميلنا العزيزارسل إلى لتحصل على أيام اشتراك مجاني في تطبيق جوي تي في مع بيانات لامحدودة على التطبيق لأول ثلاثة أشهراستمتع بمشاهدة القنوات التلفزيونية المجانية والمشفرة وأحدث الأفلام والمسلسلات إلى جانب الأفلام الوثائقية وبرامج الأطفال في أي زمان وأي مكانعلما بأن سعر الاشتراك بعد الفترة المجانية هي ريال شهريا فقطتحق الفترة المجاني للعملاء الجدد فقط وسعر الاشتراك بعد أشهر ريال شهري,0
خدمة بريد السعودي تحتوي الحزمة الخاصة بك على عنوان إعادة توجيه خاطئ وتم تعليقها مؤقتا الرجاء الرد على موافق واتخاذ الخطوات اللازمة لإعادة تنشيطه,1
عزيزي العميلوعيك أداة حمايتكفي حال وصلتك رسائل من أرقام غير معروفة تطلب تحديث بياناتك البنكية أو تعلن عن الفوز بجوائز وهمية فاحرص على عدم التجاوب معها والإبلاغ عنها من خلال إعادة إرسال الرسالة للرقم المخصص للإبلاغ عن الرسائل الاحتيالية,0
تحياتي لعملاء أمازون بموجب لائحة جديدة لأمازون نحتاج إلى أن نطلب من عملائنا تحديث معلومات حساباتهم من أجل الاستمرار في استخدام التسوق على أمازون قم بالتحديث هنا إذا لم يقم العميل بتحديث معلومات الحساب خلال ال ساعة القادمة فسيتم إغلاق حسابك على أمازون نهائيا معرف أمازون,1
لقد قمنا بتعليق خدمة الخاصة بك مؤقتا لاستعادة اتبع التعليمات أدناه يرجى إكمال عملية الاسترداد خلال يومين وإلا فسيتم تعليق حساب أمازون نهائيا نحن نأسف على أي إزعاج قد يكون سببه هذا الأمر شكرا لكم على اهتمامكم,1
لقد عرضت عليك منحة بقيمة ريال سعودي يرجى الاتصال بفرانسيس باتريك كونولي مع الرقم المرجع,1
خلك الفائز ال عشر مشتركين فازوا ب سبائك ذهب والفرصة لك لتفوز بأحدى سبيكة ذهبية وكيلو من الذهب عملاء سوا بوست وسوا ستار يدخلون تلقائيا للسحب على الذهب تقدر تعرف أكثر إذا أرسلت سوا سوشل إلى العرض يسري حتى ديسمبر م وتقدر تشوف فيديو السحب الأخير من خلال الرابط,0
تهانينا تي موبايل لقد تم اختيارك للحصول على مكافأة حصرية انقر فوق موافق للبدء,1
عزيزي أنت مدعو للانضمام إلى مجموعة المناقشة الداخلية البيتكوين سيقوم الفريق بنشر يوميا كيفية تحقيق الربح في سوق البيتكوين قم بالرد على الرقم ثم اضغط على الرابط للانضمام ديجي,1
مرحبا حبينا نبلغك أننا عدلنا مدة الصلاحية للرصيد والشريحة مدة الصلاحية للرصيد بتكون يوم وللشريحة سنة كاملة تتمدد صلاحية الرصيد والشريحة عن طريق استخدامك الغير مجاني للرصيد مثل الاشتراك بأحد باقاتنا إجراء مكالمة أو إرسال رسالة ونذكرك أنك ما استخدمت رصيدك أو أعدت الشحن من يوم,0
أسعار التجوال الدولي في تونس بالريال السعودي الاتصال المحلي الاتصال إلى السعودية الاتصال الدولي استقبال المكالمة الرسالة النصية البيانات لكل ميجابايت,0
تم تعليق الحساب بسبب اختراق قاعدة البيانات مؤخرا لأسباب تتعلق بالسلامة انقر فوق لإعادة التنشيط,1
العربية للعود ترحب بكم في برنامج تواصل رمز التفعيل,0
لاسترداد مبلغ ريالا سعوديا نحتاج إلى تأكيدك قم بتصديقها من خلال نظام التحقق عبر الإنترنت الخاص بنا,1
السلام عليكم ورحمة الله وبركاته الإخوة والأخوات الباحثين والباحثات عن عمل نرجو التكرم بملء الاستبيان في الرابط أدناه قبل يوم الأحد مارس ونرجو الاجابة بدقة على أسئلة الاستبيان للوصول إلى نتائج بحثية دقيقة عنوان البحث البطالة وتحدياتها في ضوء رؤية المملكة يهدف البحث لتحديد تحديات البطالة التي تواجه الشباب والشابات في المملكة العربية السعودية وإيجاد الحلول المناسبة لها شاكرين لكم كرم استجابتكم,0
كلمة مرور صالحة لمرة واحدةرمز ل تنشيط الفواتير تطبيق المباشر,0
إن الأبرار لفي نعيم وإن الفجار لفي جحيم لا تظن أن هذه الآية تختص بيوم المعاد فقط بل هؤلاء في نعيم في دورهم الثلاثة الدنيا والبرزخ والآخرة وأولئك في جحيم في دورهم الثلاثة وأي لذة ونعيم في الدنيا أطيب من بر القلب وسلامة الصدر ومعرفة الرب تعالى ومحبته والعمل على موافقتهصلواعلى الحبيب ربي إرحمهماكماربياني صغيرا,0
عزيزنا العميلنشعركم بأنه يوجد لديكم شحنة برقم يمكنكم استلامها من طبرجل التسليم,0
هام لقد حان موعد سداد الدفعة الخاصة بك الآن لإجراء الدفع انقر فوق أو اطلب من هاتفك,1
نعتذر عن انقطاع الهاتف المؤقت يوم أمس لقد كنت واحدا من عميل متأثر وفي المقابل نقدم لك هدية مجانية بقيمة ريال يرجى المشاركة في هذا الاستطلاع الموجز لمدة ثانية حول وسنقدم لك عنصرا مجانيا بقيمة ريال,1
عزيزي العميل أرسل الى واحصل على تطبيق جوي ب ريال لمدة ثلاث شهور وقم بمشاهدة مع بيانات لامحدوده على التطبيق مجانا اشترك الان وأول أيام مجانا للعملاء الجدد هذا العرض متاح لك فقط حتى تاريخ,0
عزيزي المستخدم لقد تلقى هاتفك عددا كبيرا جدا من رسائل البريد العشوائي اقض عليهم الآن هنا,1
الموضوع تم اكتشاف تسجيل دخول جديد من عمان اتبع الرابط أدناه لفتح حسابك قم بالتحقق من حسابك خلال ساعة وإلا سيتم إنهاء حساب الخاص بك نهائيا مع تحياتي معرف باي بال,1
لقد تم اختراق هاتفك انقر فوق الرابط أدناه لإزالة,1
لقد تم تعطيل خصم الخاص بك مؤقتا ارجع إلى قم بالرد على لإلغاء الاشتراك,1
قيم الخدمات الحكومية وساهم في بناء الوطنحمل تطبيق وطني الآن صوت فاعل لوطن عامر,0
جيجا ومكالمات لا محدودة مع سوا شير استمتع ب جيجا انترنت بالإضافة إلى جيجا لمواقع التواصل الاجتماعي ومكالمات لامحدودة داخل الشبكة كل هذا ب ريال فقط للاشتراك أرسل إلى لمعرفة المزيد عن باقات سوا أرسل إلى,0
خصم من حسابك في مدفوعات سوا,0
حصريا للموقع وليوم واحد فقط اشتري اونلاين واحصل على استرجاع نقدي اضافي على اي عرض,0
تنبيهات تم وضع الإيداع المباشر في حسابك قيد المراجعة يرجى زيارة لحل هذه المشكلة,1
عزيزي العميلعند عزمك على الاكتتاب أو الاستثمار في أسواق الأسهم والأوراق المالية احرص على التعامل مع الجهات الرسمية والمرخصة واحذر من التجاوب مع الرسائل والإعلانات على شبكة الإنترنت من شركات غير مرخصة والتي تعطيك الوعود الوهمية بالربح السريع,0
لقد تم قفل حساب أمازون الخاص بك لقد تلقينا مؤخرا عدة محاولات فاشلة لتسجيل الدخول إلى حسابك قم باسترداد حسابك على الفور انقر فوق الرابط أدناه يرجى اتخاذ إجراء بشأن حسابك في غضون ساعة لتجنب التعليق الدائم مع تحيات خدمة أمازون,1
كلمة مرور صالحة لمرة واحدةرمز ل المدفوعات الحكومية تطبيق المباشر في,0
الطرد الخاص بك والذي يتضمن المنتجات التالية لا يمكن الموافقة على التسليم في انتظار سداد رصيد الضريبة المستحق الرصيد الحالي المستحق ريال معلومات إضافية,1
تحديث مهم بقي لديك ساعة لحجز جهاز الذي فزت به في سبتمبر,1
تطبيق الجوال كلمة السر للسوق الالكتروني,0
تبي تريح بالك من المكالمات وترد على اللي تبي بدون إحراجات مع موجود إكسترا تقدر تحول مكالماتك ويظهر للمتصل إن جوالك مقفل وراح يجيك تنبيه بمعلومات المتصلين للاشتراك أرسل إلى للإلغاء أرسل إلى قيمة الاشتراك ريال شهريا,0
الحصول على أموال يستغرق دقيقتين فقط,1
هل تريد صنع جبنة إضافية أجب عن هذه الأسئلة وستمنحك مبلغا رائعا قدره ريالا قم بدعوة صديق واحصل على فرصة لكسب المزيد,1
خصم على جميع رحلاتكالسفر معنا ما يتفوت احجز رحلتك مع تطبيق المطار وسدد من خلال واستمتع بخصم على رحلتك حمل الآن صالح حتى,0
تنبيه تم تسجيل حساب الخاص بك للتو في جهاز جديد إذا لم يكن هذا هو الحال فيرجى النقر هنا لاستعادة إمكانية الوصول أو زيارة الفرع القريب,1
عزيزي لقد اجتزت المقابلة يمكن استلام ما متوسطه يوميا تواصل مع صباحا,1
شكرا على الشراء تم تحصيل مبلغ ريالا سعوديا على بطاقتك معرف طلب بتاريخ فبراير ليس أنت اتصل بنا,1
عرض اليوم الخاصأرسل إلى واحصل على مجانا أيام اشتراك من تطبيق جوي تي في مجانا بيانات لامحدودة على التطبيق لمدة أشهر مجانا جيجا بايت لمدة أيامقيمة الاشتراك في جوي تي في بعد الفترة المجانية ريال شهريا ويمكن إلغاء الاشتراك في أي وقت عن طريق تطبيق ستضاف جيجا بايت بعد ساعة من الاشتراك,0
نرحب بكم ببرنامج تواصللتفعيل حسابكم والاستفادة من النقاط لدى العربية للعود يرجى التكرم بتعبئة البيانات في,0
من أسباب زوال الهموم وغفران الذنوب الصلاة على النبي ويوم الجمعة يكون أثر الصلاة أعظم قال النبي للمصلي عليه تكفى همك ويغفر لك ذنبك,0
عزيزالعميل تم حظر بطاقة بك لأنك لا تملك التحديث بهذا الرقم على الفور للتحديث,1
متى يجب لبس الكمامةإذا كنت مصابا بالسعال أو العطاسإذا كنت تعتني بشخص مريض بأعراض تنفسية وفي الرابط بقية الوصايا الخاصة بفيروس كورونا تحياتوزارة الصحة,0
لا يمكن تسليم الطرد الخاص بك بسبب رقم المنزل غير الصحيح يرجى ملء العنوان الصحيح عبر الإنترنت لإعادة التسليم,1
عزيزي العميل اشترك في باقات التجوال للإنترنت في تونس على شبكة باقة جيجا لمدة يوم بقيمة ريال الرمز باقة جيجا لمدة أسبوع بقيمة ريال الرمز باقة جيجا لمدة شهر بقيمة ريال الرمز للاشتراك يرجى ارسال رمز الباقة الى و لمعرفة الدول والشبكات التي تشملها الباقة ارسل إلى ولباقات التجوال للمكالمات ارسل الى علما بأن بإمكانكم استخدام تطبيق مجانا اثناء التجوال,0
مجانا بمناسبة اليوم الوطني أرسل إلى و فعل اشتراكك في تطبيق جوي تي في لمدة يوم بدون أي رسومهمةحتىالقمةيسري العرض حتى سبتمبر لمن لم يسبق له الاشتراك في جوي تي في,0
توفيرك صار أكثر مع سوا لايك دقيقة داخل الشبكة جيجا لشبكات التواصل الاجتماعي جيجا انترنت جيجا انترنت على شبكة سعر الباقة ريال بس للإشتراك أرسل الى صلاحية الباقة اسابيع وإذا تبي تعرف معلومات أكثر عن باقات سوا التوفيرية أرسل إلى,0
مرحبا أنت مدعو لحضور حدث يرجى التحقق من بريدك الإلكتروني للحصول على التفاصيل أو الرد على الدعوة على,1
نشاط غير عادي لقد قمنا بتعليق حسابك في أمازون بسبب نشاط غير عادي تم حظر محاولة تسجيل الدخول من كندا قام نظامنا بتعليق حسابك في لأسباب أمنية لإلغاء قفل حسابك في يرجى التحقق من خلال الرابط أدناه يتعين عليك اتخاذ الإجراء خلال يومين قبل تعليق الحساب مع تحياتي فرق أمازون,1
أناقة بأفضل الأسعار من مهيار أثواب بيضاء ب فقط تشكيلة مختارة,0
لقد قمنا بحظر حسابك بسبب نشاط غير عادي يرجى زيارة للتحقق من حسابك,1
عميلنا العزيز لقد استنفذت كامل باقة البيانات لعرض الهوية الجديدة جيجا بيانات إضافية,0
عزيزي العميلبقيمة ريال اشترك الان في باقة تجوال دول العالم في الأردن على الشبكات التاليةلمدة أسبوعين تحصل على مكالمات للسعودية بريال واحد للدقيقة مكالمات داخل الأردن بريال واحد للدقيقة استقبال المكالمات بريال واحد للدقيقة انترنت تجوال جيجابايتللاشتراك يرجى ارسال الى علما بأن بإمكانكم استخدام تطبيق مجانا اثناء التجوال,0
ما عندك وقت تروح تشتري بطاقة شحن بسيطة تقدر تشحن وتجدول شحن رصيدك بشكل أسبوعي أو خلال يوم محدد في الشهر باستخدام بطاقتك الائتمانية أو بطاقة مدى مع تطبيق ما عليك إلا تحمل التطبيق وتفعل الخدمة للتحميل اضغط على الرابط,0
باقات إنترنت التجوال في تونس جيجا يوم واحد ريال الرمز جيجا ايام ريال الرمز جيجا يوم ريال الرمز للاشتراك أرسل رمز الباقة إلى هذه الباقات تعمل على الشبكات التالية يمكنك معرفة الدول التي تشملها الباقات عند السفر لأكثر من دولة عن طريق أرسال الى,0
هدايا مجانية فورية من,1
عمريوجه سليمان الراجحي نصيحة للمستثمرين,0
عرض سوا الخاص الآن استمتع ب جيجا بايت بيانات و دقيقه مكالمات داخل الشبكه صالحة لمدة يوم ب ريال فقط لتفعيل العرض اتصل ب او ارسل الى للمزيد من عروض سوا اتصل ب,0
ملفات خطيرة اخترقت هاتفك قم بإزالة هذه الملفات للحفاظ على أمان بياناتك,1
اليوم عطور ون كولكشين المنعشة الجديدة مع الشاور بريال شامل الضريبة,0
تم تعليق بطاقة الخاصة بك مؤقتا لمنع إغلاق الحساب يرجى زيارة قم بالرد بالإيقاف لإلغاء الاشتراك,1
رسالة نصية الأحد أكتوبر مساء أوبرا تقدم أكبر هدية لها قسيمة رقم,1
لم نتمكن من شحن الطرد الخاص بك بسبب مشكلة العنوان حاجتك إلى تأكيد عنوانك لضمان التسليم,1
عرض كوستكو الترويجي على خط الفائز السعودي اللون أرجواني التخزين جيجابايت,1
انتهى فصل الصيف ولا تزال تبدو ضخما في المرآة جرب هذا لمدة أسبوع وتخلص من أكثر مما تتخيل,1
استطلاع لمدة دقيقتين مكافأة,1
قسيمة نعلن عن أحدث حلوى غذائية ذات نكهة طبيعية من أوبرا قسيمة,1
الموضوع رسالة مجانية لقد تم دفع فاتورتك لشهر مارس شكرا إليك هدية صغيرة لك,1
عزيز العميل تم حظر بطاقة الصراف اللآلي الخاصة بك لأنك لا تملك التحديث بعد اتصل بهذا الرقم على الفور للتحديث,1
بطاقة هدايا بقيمة ريالا سعوديا استبيان,1
كلمة مرور صالحة لمرة واحدةرمز ل الدخول تطبيق المباشر في,0
غسل اليدين بالماء والصابون هو أهم وسيلة للوقاية من فيروس كورونا اضغط الرابط لتتعرف على أهم طرق الوقاية الأخرى تحياتوزارة الصحة,0
تنبيه لقد تم حظر بطاقة الخصم المدفوعة مسبقا من بسبب نشاط غير عادي لإعادة تنشيط بطاقة الخصم المدفوعة مسبقا من يرجى زيارتنا على,1
عزيزي المواطن ة باب ماجاء في التسترالتجاري يحتوي على تعاريف أمثلة وقصص حقيقية تصفحه من خلال الرابط التالي البرنامج الوطني لمكافحة التستر التجاري,0
لقد تم تقييد حسابك تفضل بزيارة,1
عميلنا العزيزاشتراكك في باقة سوا شير سيتجدد بشكل تلقائي بتاريخ فضلا تأكد من توفر رصيد كافي قبل هذا التاريخ حتى نتمكن من تجديد اشتراكك,0
من واجهنا مشكلات في معالجة الدفعة الأخيرة لعضويتك في والحساب مقيد مؤقتا لمواصلة استخدام يرجى تحديث معلومات الفواتير الخاصة بك على وتجنب التعليق مع تحياتي قد يتم تطبيق أسعار على نوفمبر صباحا,1
تنبيهات المناطق هل حاولت تحصيل مبلغ ريالا سعوديا من بطاقتك في يوم الساعة مساء بتوقيت شرق الولايات المتحدة إلغاء الطلب هنا,1
حساب الخاص بك معلق مؤقتا يجب عليك تأكيد نشاطك الأخير لمواصلة استخدام حسابك,1
دعوة للمؤهلينالمؤهلات في التدريب تسجيل في دليل المدربين والمدربات بقسم التدريب,0
لدينا مشكلة مع معلومات الفواتير الخاصة بك يرجى تحديث,1
عزيزي السيد السيدة وصلت بضائعك إلى المستودع ولا يمكن تسليمها بسبب عدم اكتمال معلومات العنوان يرجى تأكيد أو تحديث عنوانك في الرابط أو انسخ الرابط إلى المتصفح وافتح رسالة,1
صدقه جاريه عن رحمه الله لا تترك قريب ولا صديق ولا احد تعرفه إلا وارسلت له هذا المصحف حتى يكتب لك مثل اجورهم المصحف كاملا مع تفسيره ويتم قلب الصفحات بلمس الشاشه اختيارالصوت تلاوه ترجمه تفسير ليس هناك أغلى منه كهدية و صدقه جارية لتعم الفائدة ان شاء الله,0
اشترك الحين في خدمة صحيفة الرياض وخلك أول من يعرف بآخر الأخبار الرياضية وذلك مقابل هللة يوميا للاشتراك اضغط على الرابط التالي أو أرسل إلى,0
كلمة مرور صالحة لمرة واحدةرمز ل اضافة المستفيد تطبيق المباشر,0
خدماتك تحولت إلى الحساب الجديد بنجاح,0
احصل على خصم من صيدليات الدواء على جميع مشترياتك النقدية ماعدا الأدوية ومستلزمات حليب الأطفالحصول على العرض أرسل إلى سيتم خصم نقاط قطاف للحصول على العرضويمكنك تحويل نقاط أرباحي إلى نقاط قطاف من خلال الرابط ساري من إلى نوفمبر ولمزيد من العروض أرسل عروض قطاف إلى,0
عميلنا العزيزشاهد الحي الشرقي و حرب كرموز و ولاد رزق وغيرها حصريا على تطبيق جوي الآن ولفترة محدودة تطبيق جوي بسعر ريال شهريا فقطاشترك الآن عن طريق رقم جوالك وسيتم استقطاع قيمة الاشتراك من رصيد سواسعر الاشتراك بعد أول أشهر ريال شهرياشترك وحمل التطبيق الآن ممتعة,0
ريالك يمكن يجيب لك سيارة ادعم ناديك ب ريال واحد يوميا وادخل السحب أسبوعيا على سيارة أرسل اسم ناديك إلى,1
واو ريال مقابل خدمة لمدة دقيقة,1
كلمة مرور صالحة لمرة واحدةرمز ل الدخول المباشر للأفراد,0
لديك طرد بعنوان خاطئ في مستودع النقل لدينا يرجى تحديث عنوانك وصول,1
تم تحديث سجل سائق المركبة الخاص بك,1
عززالعمل تم حظر بطاقة الصراف الآلي الخاصة بك لأنك لم كن لدك حتى الآن التحدث إذا كنت ترد عمل بطاقة الصراف الآلي الخاصة بك بشكل صحح فاتصل بذا الرقم على الفور,1
تنبيهات محاولة معاملة محتملة في يناير بقيمة ريالا سعوديا لا أعتقد أنها من صنعك يرجى الاتصال بنا على الآن,1
لقد تم تقييد حسابك لقد قمنا بقفل معرف حسابك لأن خدمتنا اكتشفت محاولتين غير مصرح بهما لفتح حسابك يتعين عليك التحقق من حسابك انقر فوق الرابط أدناه لفتح حسابك سيتم إلغاء قفل حسابك تلقائيا بعد الانتهاء من عملية التحقق مع أطيب التحيات خدمة باي بال يا,1
قم الخدمات الحكومة وسام في بناء الوطن حمل تطبق وطني الآن,1
تمت دعوة رقمك مع شخصا آخر لاسترداد جائزة قم بالإجابة على استبياننا السريع قبل ال ساعات القادمة لحجز استبيانك على,1
لا يفوتك اسبوع العروض على متجر تمتع بخصومات على أفضل الألعاب والتطبيقات ابتدأ من ابريل وحتى ابريل لتفعيل الخدمة اختر من خلال الرابط التالي وقيمة المشتريات من المتجر تحسب من رصيدك إذا كنت من عملاء سوا أو تضاف لفاتورتك إذا كنت عملاء المفوتر,0
حقق راتب إضافي على طرقة رنده,1
جيجا بيانات وسوشال ومكالمات لا محدودة مع سوا ستار رقي باقتك واستمتع ب جيجا انترنت بالإضافة إلى بيانات لامحدودة لمواقع التواصل الاجتماعي ومكالمات لامحدودة داخل الشبكة كل هذا ب ريال فقط للاشتراك أرسل إلى,0
اليوم الأخير اشتري واحصلي على مجانا لا تفوتي الفرصة,0
أصدقائي الأعزاء مع بدء تعافي السوق ندعوكم للانضمام إلى مجموعة المناقشة الداخلية لفريق الاستثمار المحترف ستقوم المجموعة بنشر التداول اليومي وتعلمك كيفية تحقيق أرباح ضخمة في سوق العملات المشفرة,1
الرجاء إدخال الرمز التالى لإستكمال عملية التحقق,0
أخبار مذهلة لقد تم قبول طلبك أكمل العملية,1
عزيزي انضم إلى مجموعة دراسة مناقشة حيث يمكنك تعلم كسب يوميا يرجى النقر فوق,1
لا يمكن لشركة النقل التسليم لأن عنوان الطرد الخاص بك غير مفصل يرجى تحديث تفاصيل العنوان,1
خدمات تنبيه من لقد تم قفل بطاقة الخصم المدفوعة مسبقا الخاصة بك وهي قيد المراجعة بسبب أنشطة غير عادية في الحساب انقر فوق رابط الموقع الآمن المتوفر أدناه لمراجعة معلومات بطاقتك الصحيحة لإعادة تنشيط بطاقتك وإعادة فتحها الآن,1
إشعار من أمازون لقد قمنا بإغلاق حسابك في أمازون بسبب مشكلة في الفوترة لفتح حسابك في يرجى النقر على الرابط أدناه يرجى اتخاذ إجراء بشأن حسابك في غضون ساعة لتجنب الإلغاء الدائم عرض الكل,1
لا يمكن تسليم الطرد الخاص بك بسبب معلومات رقم المنزل غير الصحيحة يرجى ملء العنوان الصحيح عبر الإنترنت لإعادة التسليم,1
عادت كعميل حصلت على خصم هائل على العروض يصل إلى ريالا سعوديا تفضل بزيارة اضغط مع الاستمرار للتثبيت,1
عزيزي العميل يمكنك الآن اكتساب نقاط قطاف واستبدالها لدى فيرجن ميجاستور لمعرفة المزيد عن شركائنا قم بزيارة تطبيق,0
كلمة مرور صالحة لمرة واحدةرمز ل الشراء من السوق الالكتروني تطبيق المباشر,0
عزيزي العميلنفيدكم بأن باقات انترنت التجوال غير متوفرة في تركيا حيث يمكنك تفعيل إيزي نت أثناء التجوال لدفع حسب الاستخدام للأنترنت علما بان تعرفة الميجا الواحد هي ريال لتفعيل إيزي نت أثناء التجوال أرسل إلى لإيقاف إيزي نت أثناء التجوال أرسل إلى كما نفيدكم بأن باقة استقبال المكالمات أثناء التجوال خلال الإجازات غير متوفرة في تركيا حيث أن تعرفة استقبال المكالمات هي ريال,0
رمز التحقق,0
يوفر هذا المكيف الصغير المدمج دفعة من الهواء البارد المتجمد اطلبه الآن مع الخصم قم بالرد على النهاية لإلغاء الاشتراك,1
تم دفع دفعتك لشهر سبتمبر شكرا إليك هديتنا المفاجئة لك,1
هلا شايف اللي قاعد يصير التقنية التغطية المعاملات المالية اللعب الخدمة صار لها بعد جديد جاهز فيديو إطلاق السمة الجديدة معنا بهذه المناسبة مع عروضنا الشيقةيلا نروح أبعد,0
اطلب مسبقا سامسونج جالكسي واحصل على هدايا قيمة,0
هدايا مجانية سريعة من هوم ديبوت,1
سيتم منحك مكافأة واحدة بشكل عشوائي كواحد من بين شخصا عن طريق ملء استبيان قصير تنتهي المكافأة خلال ساعات,1
عزيزي العميل لديك بعض المشاكل مع بطاقة الصراف الآلي تم حظر بطاقة الصراف الآلي لذا قم بالتحديث مرة أخرى واتصل بهذا الرقم,1
بمناسبة ذكرى البيعة نجدد العهد والولاء لخادم الحرمين الشريفين الملك سلمان حفظه اللهو نهدي بهذه المناسبة جميع عملاء المفوتر وسوا بيانات إنترنت لامحدوده لتطبيقات التواصل الاجتماعي لمدة ساعة العرض يتفعل تلقائيايبدأ العرض في نوفمبر من الساعة صباحا وحتى مساءذكرىبيعةالملكسلمان,0
الموضوع الإخطار بسبب وجود مشكلة في معلومات بطاقتك قمنا بتعطيل حسابك على أمازون لأسباب أمنية لفتح حسابك يرجى اتباع الرابط أدناه هذا فقط,1
عميلنا العزيز الآن استمتع بباقات كويك نت مسبقة الدفع من رقم سوا بطاقات شحن كويك نت جيجا و جيجا و جيجا و جيجا ولا محدود أصبحت متاحة لعملاء سوا للحصول عليها تفضل بزياره فروعنا ارسل فرع الى للتعرف على أقرب فرع لك أو الموزعين المعتمدين مثل اكسترا و جرير أو متاجر الاتصالات لمعرفة معلومات أكثر عن باقات كويك نت تفضل بزيارة الرابط,0
عزز العمل تم إغلاق بطاق الصرف الخاص بك محظور إذا كنت ترغب في تحدث حسابك اتصل بذه الأرقام,1
بناء على ما ورد من هيئة الارصاد بشأن التقلبات الجوية على بعض مناطق المملكة بدء من يوم الاحد وحتى الخميس وما قد يصاحبها من هطول امطار غزيرة فإن الدفاع المدني يهيب بالجميع بأخذ الحيطة والحذر والابتعاد عن تجمعات المياه ومجاري السيول وبطون الأودية واتباع تعليمات السلامة الموجوده على الموقع,0
عميلنا العزيز هويتك شارفت على الانتهاء بادر بتجديدها تفاديا لايقاف حسابك وفي حال تم التجديد يمكنك تحديث بياناتك لدى المصرف من خلال موقع المباشر أو الاتصال بالرقم واختيار الرقم ثم دون الحاجة لزيارة الفرع,0
لقد ظهرت في قائمة الآلاف الذين اشتروااستخدموا بودرة الأطفال في مايو لذلك يجب أن تدفع لك جونسون آند جونسون ألفا قم بجمع معلوماتك هنا توقف حتى النهاية,1
لقد كانت الفاتورة الخاصة بك للشهر الماضي عبارة عن شكرا هذه هي هديتنا الصغيرة,1
عرض سوا الان استمتع ب جيجا بايت بيانات و دقيقة مكالمات داخل الشبكةصالحة لمدة يوم ب ريال فقط لتفعيل العرض اتصل ب او ارسل الى للمزيد من عروض سوا اتصل ب,0
الطلب من الحالة مكتمل التحقق من النتائج,1
تم اختيارك لعرض العمل من المنزل واحصل على راتبك اليومي تيرا بايت اتصل على,1
عميلنا العزيزنحيطك علما أنه تم تخصيص خدمة خاصة مجانية للإبلاغ عن الرسائل النصية القصيرة التي ترد وتتضمن رسائل احتيال مثل الرسائل المشبوهة والتي تطلب تحديث البيانات البنكية أو تفيد بوعود بالفوز بمكافئات وجوائز ماليةنأمل الإبلاغ عنها بإعادة إرسال الرسالة النصية القصيرة للرمزالموحد,0
انتظرونا منتصف الليل على الموقع ولمدة ساعة فقط عرض مميز ليوم مميز,0
عملينا العزيز دبل بياناتك مع كويك نت الحين تقدر تفعل باقات جيجابايت وبتجيك جيجابايت إضافية مجانا العرض مستمر إلى ديسمبر وإذا تبي تعرف أكثر أرسل إلى قنوات الرقمية في خدمتك تعرف على تفاصيلها بإرسال ذاتي إلى مجانا,0
الهدية الترويجية من هوم ديبوت احصل على ريالا مساء,1
فإذا قبضت الروح وأدخل القبر أتى إليه الثبات يثبت الله الذين آمنوا بالقول الثابت يثبت يوم يأتيه أيضا عمله الصالح على هيئة رجل فيقول له أنا عملك الصالح يستبشر به و بوجه فإذا كان على هذا الحال ووضع في قبره أتاه هذا العمل يدافع عنه فلو أراد العذاب ان يأتيه من قبل رأسه قالت الصلاة ما قبلي مدخل فأي صلاة صلاتنا وقال الصيام عن يمينه ما قبلي مدخل الله يرحم ضعفنا وقلة حيلتنا وكانت الزكاة والصدقات عند شماله قالت ما قبلي مدخل وكان فعل الخيرات من المعروف والإحسان عند رجليه قالت ما قبلي مدخل ثم يجيب أسئلته الثلاث التي يعلم ان الله تعالى قد أعد لهذا السؤال تثبيت وجوابا أن هو صدق مع الله سبحانه وتعالى,0
لم يكتمل التسليم الخاص بك بسبب مشكلات التحقق من صحة العنوان الوصول إلى للمساعدة في إعادة التسليم,1
العرض الخاص لليومأرسل إلى واحصل على تطبيق جوي الذي يحتوي على الآف الأفلام والمسلسلات وقنوات التلفزيون لامحدوده ب ريال لمدة شهر مجانا جيجا بايت لمدة أيام ابتداء من مارسيمكنك إلغاء الاشتراك في أي وقت من خلال تطبيق,0
من نظرا لأنك عميل محترم لشركة فلدينا هدية بقيمة ريال مخصصة لك وليس من لوقتك ما عليك سوى الاعتراف بهذا الاستبيان المكون من ثلاثة أسئلة وسوف تتمكن من ذلك يتم تعويضه النهاية,1
كلمة مرور صالحة لمرة واحدةرمز ل الدخول المباشر للأفراد في,0
لقد كان الخاص بك محدودا لقد قمنا بتجميد حساب الخاص بك لأن خدمتنا اكتشفت محاولتين غير مصرح بهما لفتح حسابك يتعين عليك التحقق من حسابك انقر فوق الرابط أدناه لفتح حسابك سيتم إلغاء قفل حسابك تلقائيا بعد الانتهاء من عملية التحقق مع أطيب التحيات دعم باي بال,1
اربح ما يصل إلى ريال من قيمة متجر يرجى إنهاء الاستبيان للحصول على المكافآت,1
عرض هوم ديبوت ريال سعودي,1
لقد قمت بإدخال عنوان تسليم غير صحيح يرجى تحديث عنوانك إلى مكتب البريد,1
عميلنا العزيز نفيدكم بأنه تم استنفاذ كامل رصيد الدقائق من باقة سوا خارج الشبكة للاشتراك في إحدى باقات سوا ارسل إلى او عبر تطبيق أو موقع خدماتي,0
شحن سوا صار أسهل اشحن سوا من خلال حسابك البنكي باستخدام القنوات المتاحة كموقع الإنترنت وأجهزة الصراف الآلي وتطبيقات الأجهزة الذكية والهاتف المصرفي والبطاقة الائتمانية وكذلك يمكن شحن سوا من الخط المفوتر لمعلومات أكثر تفضل بزيارة الرابط,0
أفضل مكان للحصول على أموال صغيرة أموال بالتقسيط تصل إلى ريال اذهب إلى هذا الرابط,1
يسر عمادة الدراسات الجامعية للطالبات دعوتكن لحضور اللقاء السنوي لطالبات مقر الزاهر بعنوان نحن صناع السعادة الأربعاء الساعة ص الى م في قاعة الجوهرة,0
يا عزيزي هل تعلم أقوم بتحديث معرض الصور الخاص بي من ملفي الشخصي ابحث عنها هنا,1
عزيزي العميل باقة سوا يوم تمنحك افضل المزايا فقط ب ريال لمدة ساعة دقيقة داخل الشبكة رسالة داخل الشبكة ميجابايت انترنت للإشتراك أرسل الرمز إلى وللإطلاع على جميع الباقات أرسل إلى,0
اضافة الى حسابك في اليكترون,0
عميلنا العزيز نفيدكم بأنه تم استنفاذ من رصيد الدقائق من باقة سوا خارج الشبكة للاشتراك في إحدى باقات سوا ارسل إلى او عبر تطبيق أو موقع خدماتي,0
تقوم بإعادة مبلغ ريالا إليك الوقت المتبقي للمطالبة ساعة,1
عمراحصل على النصيحة من سليمان الراجحي,0
لقد تم تقييد حالة حساب المدفوع مقدما يرجى تحديث معلوماتك للاحتفاظ بحسابك عن طريق زيارة,1
كلمة مرور صالحة لمرة واحدةرمز ل تنشيط الفواتير تطبيق المباشر في,0
تنبيه تم تعطيل بطاقة المدفوعة مسبقا لأسباب أمنية تفضل بزيارة وأعد تنشيط بطاقتك الآن,1
مشترياتك من نون على احصل على قسيمة شرائية بقيمة ريال لمشترياتك من نون عند اشتراكك بباقةسوا شير سعر الباقة ريال ينتهي العرض بتاريخ فبراير للإشتراك في باقةسوا شير أرسلالى لمعرفة معلومات عن باقات سوا أرسل سوا إلى الحد الأدنى لقيمة الطلب هو ريال لمزيد من المعلومات عن العرض أرسل نون ل ستصلك رسالة نصية برمز القسيمة الشرائية بعد ساعة من الإشتراك في الباقة,0
تخيل تحاسب على قهوتك بمسحة جوال أو تسحب كاش بدون بطاقة صراف حمل وتفاجأ كيف حياتك تصير أسهل ما في زي اضغط على الرابط للتحميل,0
تنبيه لقد طلبت مؤخرا التحويل إلى حساب خارجي جديد إذا لم يكن هذا أنت قم بالإلغاء فورا على,1
خصم من حسابك في مدفوعات سداد,0
أسبوع تقدير أكمل الاستبيان السريع واكسب ما يصل إلى ريال من رصيد,1
تم إلغاء تنشيط بطاقتك المدفوعة مسبقا بدءا من انقر أدناه لإعادة التنشيط الآن,1
معرف الطلب مرحبا كان رجل التوصيل على بابك لقد افتقدناك أخبرنا متى يمكننا العودة اليوم,1
توفيرك صار أكثر مع سوا لايك احصل على دقيقة داخل الشبكة و جيجا لبرامج التواصل الاجتماعي و جيجا انترنت وجيجا انترنت على شبكة الواي فاي الرصيد المطلوب ريال بس أرسل الى للاشتراك بباقة سوا لايك صلاحية الباقة اسابيع احصل على مكالمات لا محدودة داخل الشبكة و جيجا لبرامج التواصل الاجتماعي و جيجا انترنت و جيجا انترنت على شبكة الواي فاي سعر الباقة ريال بس أرسل الى للاشتراك بباقة سوا شير صلاحية الباقة اسابيع للمزيد عن باقات سوا أرسل إلى,0
عزيزي العميل تم حظر جهاز الصراف الآلي الخاص بك إذا كنت تريد تحديث الاتصال بهذا الرقم,1
تنبيه بنك تم قفل حسابك عبر الإنترنت مؤقتا بسبب نشاط مشبوه الرجاء تسجيل الدخول والتحقق من المعلومات الخاصة بك,1
يمكننا أن نمنحك ما يصل إلى ريالا سعوديا للديزل شكرا لك على دقيقتين ستنفقهما على الاستطلاع اضغط على الرابط قم بالرد ب لإلغاء الاشتراك,1
خصم من حسابك في فواتير,0
عميلنا العزيز الاتصالات السعودية ترحب بعودتك وحمدا لله على سلامتك,0
الحقوا بدء التقديم اليوم وظيفة إدارية وفنية للرجال والنساء في وزارة البيئة رابط التقديم هنا انشروها اكسبوا الأجر لإخوانكم,0
عزيزي العميل في حال كان لديكم تحديث لمعلومات الأسرة بالإضافة أو الحذف لغرض الاكتتابات القادمة نرجو زيارة أقرب فرع,0
يبدو أنه تم فرض رسوم زائدة عليك على سياسة الخاصة بك لم يفت الأوان بعد لتطبيق والحصول على تعويض,1
لقد فشلنا مرات في تمديد اشتراكك أصلح فاتورتك الآن,1
تنبيهات الاحتيال في لاحظنا وجود أنشطة غير عادية في حسابك يرجى تأكيد الأنشطة الموجودة على لجعلها آمنة,1
نظرا لإستمرار التوقعات بهطول الأمطار ولسلامتكم فإن الدفاع المدني يهيب بالجميع بأخذ الحيطة والحذر والإبتعاد عن مجاري السيول وبطون الأودية وتجمعات المياه متمنين السلامة للجميع,0
استطلاع لمدة دقائق للحصول على هدية بقيمة ريال من,1
جرب هذا الكيتو لمدة أيام ولن يتعرف عليك أصدقاؤك لقد تم استبدال التدريبات قم بالرد على النهاية لإلغاء الاشتراك,1
كاشفالدخانلكامان بمبلغ بسيط تحمي نفسك وعائلتك من حدوث كارثة لا قدر اللهمع تحيات المديرية العامة للدفاع المدني,0
نظرا لأنشطة غير عادية فقد قمنا بإغلاق بطاقة الخصم الخاصة بك مؤقتا قم بتأكيد التفاصيل الخاصة بك على انقر مع الاستمرار للتثبيت,1
التماس الأصدقاء الوارد من الرد الآن,1
هذه هدية للتعبير عن امتناننا لسجل الدفع الاستثنائي الخاص بك عام سعيد تي موبايل,1
عزيزي العميل اشترك في باقات التجوال للإنترنت في تونس على شبكة باقة ميجا لمدة يوم بقيمة ريال الرمز باقة جيجا لمدة أسبوع بقيمة ريال الرمز باقة جيجا لمدة شهر بقيمة ريال الرمز للاشتراك يرجى ارسال رمز الباقة الى و لمعرفة الدول والشبكات التي تشملها الباقة ارسل إلى ولباقات التجوال للمكالمات ارسل الى علما بأن بإمكانكم استخدام تطبيق مجانا اثناء التجوال,0
عزز العمل تم إغلاق بطاقة الصراف الال الخاصة ب اذا نت ترغب تحدث اتصأل بذه الرقم,1
عبدالرحمن رسالة من سليمان الراجحي للمقبلين على التجارة,0
الهبة النهائية من,1
بنك الغرب للمراجعة الأمنية بسبب نشاط غير عادي تحقق من الحساب على,1
لقد وجدنا معاملة مشبوهة ولأسباب أمنية قمنا بإلغاء تنشيط حسابك يرجى تأمين طريقة الدفع الخاصة بك والتحقق منها لإعادة تنشيط حسابك وانقر واتبع التعليمات من الرابط التالي,1
أنت واحد من الاختيارات النهائية القليلة في برنامج جوائزنا الأخير ويمكنك استرداد من مكافأة مقابل استطلاع مدته دقيقة واحدة,1
رسالة مجانية فاتورتك مدفوعة لشهر مارس شكرا إليك هدية صغيرة لك توافق,1
عميلنا العزيز تمتع بعالم من الخدمات والمزايا العديده عند تسجيلكم في موقع خدماتي او بتحميل تطبيق للأجهزة الذكية,0
لقد قمنا بتعليق خدمة الخاصة بك مؤقتا لاستعادة اتبع التعليمات أدناه يرجى إكمال عملية الاسترداد خلال يومين وإلا فسيتم تعليق حساب أمازون نهائيا نحن نأسف على أي إزعاج قد يكون سببه هذا الأمر شكرا لكم على اهتمامكم يا,1
حوالة واردةمحليةعبر الى مبلغ في,0
منصة التعدين السحابي انسخ متصفح الموقع وافتح التسجيل لتحصل على ريال مجانا سيتم إضافتها إلى الحساب خلال ثوان يمكن أن تكسب المشاركة في التعدين السحابي حوالي ريال في اليوم الدخل الدائم مضمون وخالي من المخاطر قم بدعوة أصدقائك للانضمام والحصول على مكافآت رائعة,1
شراء عبر نقاط البيعبطاقةمدىأثير من لدى مبلغ في,0
يحتاج حساب واجهة المستخدم عبر الإنترنت الخاص بك إلى اهتمام عاجل بسبب بعض الأنشطة غير المنتظمة سيتم تقييد حسابك إذا لم يتم التحقق منه يجب عليك النقر والتسجيل باستخدام الرابط الآمن المتوفر أدناه ملاحظة أكمل عملية التحقق لإبقاء بطاقة الخصم الخاصة بك نشطة,1
مفاجآت تطبيق السحب على المازيراتي قربتاريخ السحب الأول بمجرد دخولك تطبيق تحصل على فرصة للفوز بواحدة من سيارات مازيراتي ليفانتي بإمكانك تسجل الدخول عن طريق الدخول المباشر الدخول برقم سري مؤقت لرقم محدد الدخول باسم المستخدم وكلمة المرور لمضاعفة فرصك بالفوز سجل الدخول بأرقامك الأخرى المسجلة باسمك وهذا فيديو قصير يشرح كيفية الدخول لتحميل تطبيق المفاجآت ما انتهت للمزيد أرسل إلى,0
عروضك الخاصة بإنتظارك مكالمات وبيانات وباقات وغيرها الكثير للحصول على هذه العروض يرجى إرسال إلى لا تفوت الفرصة الآن,0
وصلت جوائز الصيف للتو لفترة محدودة فقط احصل على فرصتك هنا,1
مرحبا لا تزال تدين لشركة بمبلغ ريالا سعوديا كرسوم جمركية لحزمتك السابقة قم بالرد لتحصل على رابط آمن لدفع فاتورتك,1
وفقا لتقارير الهيئة العامة للارصاد وحماية البيئة بتعرض بعض مناطق المملكة لتقلبات جوية وسحب رعدية ممطرة مصحوبة بزخات البرد ورياح هابطة مثيرة للاتربة والغبار من الفترة وحتى ه فإن الدفاع المدني يؤكد على أهمية أخذ الحيطة والحذر خاصة في الاماكن المفتوحة وعلى الطرقات واتباع تعليماته في مثل هذة الحالات متمنين السلامة للجميع,0
عزيزي العميل الرجاء تسديد مبلغ تقرير موجز رقم فاتورة السداد يرجى السداد خلال أيام تفاديا لإلغاء الطلب يرجى اختيار المفوتر شركة العلم لأمن المعلومات في نظام سداد,0
رصيد متجر بقيمة ريال سعودي لإنهاء استطلاع السريع بالقرب,1
صارت جيجا وتصفح لامحدود لمواقع التواصل الاجتماعي مع سوا بوست استمتع ببيانات لامحدودة لمواقع التواصل الاجتماعي جيجا انترنت بالإضافة إلى مكالمات لامحدودة داخل الشبكة صالحة لمدة أسابيع كل هذا ب ريال فقط للاشتراك أرسل إلى للمزيد عن باقات سوا أرسل إلى,0
يدعم البرنامج الوطني للكشف عن الموهوبين عنصر تنمية رأس المال البشري في رؤية وذلك بتمكينهم للدخول في برامج علمية وهندسية وتقنية وصحية يمكنكم التسجيل قبل ديسمبر على ولمزيد من المعلومات نتشرف بمتابعة حسابنا في تويتر,0
عميلنا العزيزعرض خاص ارسل إلى لتحصل على اشتراك تطبيق جوي تي في الآن بسعر ريال مع بيانات لامحدودة على التطبيق شاهد الجزء الثاني من ولاد رزق الآن على تطبيق جوي تي فيسعر الاشتراك بعد أشهر ريال شهري,0
نشاط غير عادي لقد قمنا بتعليق حسابك في أمازون بسبب نشاط غير عادي تم حظر محاولة تسجيل الدخول من تايوان قام نظامنا بتعليق حسابك في لأسباب أمنية لفتح حساب الخاص بك يرجى التحقق من خلال الرابط أدناه يتعين عليك اتخاذ الإجراء خلال يومين قبل تعليق الحساب مع تحياتي فرق الأمازون,1
أسعار التجوال في الأردنمكالمة محلية ريال للدقيقة مكالمة للسعودية ريال للدقيقة مكالمة دولية ريال للدقيقة استقبال المكالمات ريال للدقيقة إرسال الرسائل القصيرة ريال للرسالة الإنترنت ورسائل الوسائط ريال للميجابايت هذه بعض الأرقام الهامة التي قد تحتاج إليها خلال إقامتك في الأردنسفارة المملكة الخطوط السعودية الملحقية الثقافية الطوارئ طوارئ السعوديين العناية بالعملاء او مجاناولمزيد من المعلومات تواصل معنا مجانا على تطبيق مع ضرورة تسجيل جواز السفر للمواطنين السعوديين عبر الرابط التالي شحن خطك عن طريق تطبيق أو من خلال حسابك في أحد البنوك السعودية أو عن طريق خدمة حول لي عبر الخطوات ادناهبرسالة نصية إلى أرسل مسافة الرقم اللي تطلب منهمسافة المبلغ,0
عزيزي العميل لا تفوتك عروض التمويل الشخصي عبر تطبيق المباشر تقدم بطلبك الان دون الحاجة لزيارة الفرع,0
عززي العمل نرجو تحرث باناتك البنكة عدم تحدثا سوقف جمع الخدمات الخاصة بحسابك لتحدث باناتك فورا الرجاء الاتصال على الرقم التالي,1
لقد تم استلام فاتورتك للشهر الماضي شكرا لك إليك هدية صغيرة لك,1
لا حاجة للتمرين كوب واحد فقط قبل الليل وسيتلاشى بطنك الممتلئ بسرعة قم بالرد بالإيقاف لإلغاء الاشتراك,1
جيجا و دقيقة مع سوا لايك استمتع ب جيجا انترنت بالإضافة إلى جيجا لمواقع التواصل الاجتماعي و دقيقة داخل الشبكة كل هذا ب ريال فقط للاشتراك أرسل إلى لمعرفة المزيد عن باقات سوا أرسل إلى,0
لقد حصلت على رسالة نصية من انقر هنا للوصول إلى البريد الوارد,1
ادفع ريالا للتأمين الكامل على السيارة عدد محدود من المقترحات أسرع واضغط رد النهاية لإلغاء الاشتراك,1
كلمة مرور صالحة لمرة واحدةرمز ل الشراء من السوق الالكتروني تطبيق المباشر في,0
أسعار التجوال الدولي في تركيا بالريال السعودي الاتصال المحلي الاتصال إلى السعودية الاتصال الدولي استقبال المكالمة الرسالة النصية البيانات لكل ميجابايت,0
تحديث درجة الائتمان هناك درجة الائتمان الحالية الخاصة بك للحصول على التفاصيل افتح الرابط قم بالرد ب لإلغاء الاشتراك,1
عميلنا العزيزهذه بعض الأرقام الهامة التي قد تحتاج إليها خلال إقامتك في تونسسفارة المملكة الخطوط السعودية الملحقية الثقافية طوارئ السعوديين العناية بالعملاء مجانا,0
تحتوي بطاقة البطالة الخاصة بك على أنشطة غير منتظمة تم اكتشاف تسجيل دخول جديد إذا لم تكن أنت اتبع الخطوات,1
شباب البومب أبواب الحب جنون الجزء سلاسل ذهب والعديد من المسلسلات الرمضانية الحصرية تجدها في مكان واحد شاهدها في أي وقت وبدون إعلانات عبر تطبيق جوي تي ي انضم الآن وابدأ فترتك التجريبية لمدة أيام مجانا مع إمكانية الإلغاء في أي وقت حمل التطبيق الآن سعر الاشتراك بعد انتهاء الفترة المجانية ريال,0
نحن الخدمة البريدية نأسف لإبلاغك بأنه لا يمكن تسليم الطرد الخاص بك لإعادة جدولة التسليم يرجى زيارة المعاينة غير متاحة,1
عززي كوستومر كنت قد حصلت على جائزة مئتي ألف من ابر بنده ماركت جدا تنئة كبرة جدا ذا و السحب محظوظ التروجة رمضان كرم سعدة حتى تتمكن من الاتصال بنا على ذا العدد من,1
عروضك الخاصة بإنتظارك مكالمات وبيانات وباقات وغيرها الكثير للحصول على هذه العروض اطلب لا تفوت الفرصة الآن,0
سيتم إعادته إلى المرسل لقد قمنا بعدة محاولات للوصول إليك,1
دفع عبر نقاط البيع مدى اثير بطاقة مدى رقم,0
بدأت تخفيضات اكسترا الكبرى عبر الموقع الإلكتروني,0
نظرا لإجراء معاملة غير عادية قمنا بإغلاق بطاقة الخصم الخاصة بك مؤقتا قم بتأكيد التفاصيل الخاصة بك على صباحا,1
تم سداد مبلغ ريالا سعوديا إلى رصيد إذا لم تسمح بذلك قم بزيارة لإلغاء الدفع,1
عرض سوا الخاص لمعرفة العروض الخاصة اتصل ب أو ارسل إلى و يمكنك أيضا الاطلاع على العروض الخاصة باستخدام الرابط ادناه,0
سفرك لا يقطع تواصلك مع أحبابكمع خدمة حول لي من سوا يمكنك طلب تحويل رصيد من أحبابك أثناء سفرك عبر الخطوات أدناهبرسالة نصية إلى أرسل مسافة الرقم اللي تطلب منهمسافة المبلغ,0
عرض اليوم الخاصأرسل إلى واحصل على مجانا أيام اشتراك من تطبيق جوي تي في مجانا بيانات لامحدودة على التطبيق لمدة أشهر مجانا ريال رصيد داخل الشبكة لمدة أيام قيمة الاشتراك في جوي تي في بعد الفترة المجانية ريال شهريا ويمكن إلغاء الاشتراك في أي وقت عن طريق تطبيق ستتم اضافة ريال بعد ساعة من الاشتراك,0
عزيزي العميل تواصلك مستمر مع أحبابك حتى وأنت مسافر اشترك في باقات إنترنت التجوال لشرائح البيانات كويك نت باقة جيجا لمدة أسبوع بقيمة ريال الرمز باقة جيجا لمدة شهر بقيمة ريال الرمز للاشتراك أرسل رمز الباقة إلى لمعرفة الدول المشمولة أرسل إلى أو عن طريق تطبيق استخدام التطبيق مجاني أثناء التجوال,0
باقات إنترنت التجوال في الأردن جيجا يوم واحد ريال الرمز جيجا ايام ريال الرمز جيجا يوم ريال الرمز للاشتراك أرسل رمز الباقة إلى هذه الباقات تعمل على الشبكات التالية يمكنك معرفة الدول التي تشملها الباقات عند السفر لأكثر من دولة عن طريق أرسال الى,0
لأنك أحببتيه رجعناه من جديد اشتري عطرك واحصلي على الثاني بنصف السعر,0
نشاط غير عادي لقد قمنا بتعليق حسابك في أمازون بسبب نشاط غير عادي تم حظر محاولة تسجيل الدخول من تركيا قام نظامنا بتعليق حسابك في لأسباب أمنية لإلغاء قفل حسابك في يرجى التحقق من خلال الرابط أدناه يتعين عليك اتخاذ الإجراء خلال يومين قبل تعليق الحساب مع تحياتي فرق الأمازون,1
فرصه موسسة مكة تطرح فرصة كفالة يتيم اكفل يتيم ب شهريا أو في السنه عن طريق مؤسسة مكة المكرمة الخيرية الرقم الموحد رجال نساء ملاحظة ان ارسلتهإ فقد تكفل أكثر من يتيم دون أن تدفع شيءفقط اجعل نيتك لله,0
الان بطريقة اسهل ومع استرداد نقدي وفوري على محفظتك اشحن رصيد سوا عن طريق حمل التطبيق الآن,0
الآن تخفيضات على كافة الأصناففي جميع فروعالعربية للعود,0
إفصاحك المبكر عن رحلات سفرك هو خط الوقاية الأول لك وللمجتمع من انتشار فايروس كوروناالوقايةمنكورونا مع تحيات وزارة الصحة,0
تقدم أكثر من مجرد أسعار رائعة لديك الكثير من الفرص اليوم للحصول على ما يصل إلى ريال,1
ملفك الشخصي على الإنترنت لديه ارتباط محتمل بوجود ثغرة أمنية في النظام قم بتسجيل الدخول والتحقق من التفاصيل الخاصة بك على لمنع سرقة الهوية,1
عرض بطاقة الهدايا من,1
قال صلى الله عليه وسلم المؤمن في ظل صدقته يوم القيامة ساهم في بناء وصيانة المساجد للتبرع ب ريال يوميا للوقف أرسل إلى للتبرع ب ريال شهريا أرسل الى للتبرع مرة واحدة ب ريال أرسل رسالة فارغة إلى المؤسسة الخيرية للعناية بمساجد الطرق,0
مرحبا عزيزتي إليكم الصور التي أردت مشاركتها معكم اسمحوا لي أن أعرف ما هو رأيك,1
عميلنا العزيزعرض خاص ارسل إلى لتحصل على اشتراك تطبيق جوي تي في الآن بسعر ريال مع بيانات لامحدودة على التطبيق سعر الاشتراك بعد أشهر ريال شهري,0
لقد قمت بتسجيل الدخول بنجاح من الولايات المتحدة السعودية إذا لم تكن أنت قم بزيارة,1
ضاعفنا النت في سوا لايك احصل على جيجا خاصة بشبكات التواصل الاجتماعي جيجا إنترنت جيجا في شبكة واي فاي ومكالمات دقيقة داخل الشبكة كل هذا ب ريال فقط ورصيد مسترد بقيمة ريال عند تجديد الباقة صلاحية الباقة أسابيع للاشتراك أرسل إلى لا تفوت الفرصة العرض لمدة محدودة لمعرفة المزيد عن باقات سوا أرسل إلى أو عن طريق زيارة تطبيق,0
معلومات طبية,0
تحذير أمنياتصل بدعمنا على مدار الساعة طوال أيام الأسبوع بطاقة مجمدة حاليا معرف الرسالة ل,1
لقد تم دفع مدفوعاتك للشهر الماضي شكرا لك هذه هدية مفاجئة لك,1
لاتفوت الخصم سامسونج جالكسي نوت صار ب ريال فقط,0
الشيخ الشعراوى قالحذارى أن تمل من الصبر فلو شاء لحقق لك مرادك فى طرفة عين هو لا تخفى عليه دموع رجائك ولا زفرات همك هو لا يعجزه إصلاح حالك يحب السائلين بالحاح اليس يقول إنى جزيتهم اليوم بما صبروا لم يقل بما صاموا أو بما صلو او بما تصدقوا وذلك لأن الصبر عبادة تؤديها وانت تنزف وجعا فقط اصبر ول الاجر من ارحم الراحمين الوترجنةالقلوب,0
تم تعليق رسوم بقيمة ريالا سعوديا الرد بنعم للمعالجة ليس أنت تفضل بزيارة موقع قبل أغسطس قم بالرد بإلغاء الاشتراك لإيقاف التنبيهات مؤقتا,1
عائد بسيط قدره ريالا عند تقديم معلومات سهلة,1
أيام الأخيرة لعرض اشتري واحصلي على مجانا لا تفوتي الفرصة,0
تريد من الاتصال بك بخصوص أحد الطرود المعلقة الخاصة بك,1
تهانينا لقد حصلت على منحة مجانية بقيمة ريال من اليونيسف هذا البرنامج مخصص للأشخاص المتأثرين بوباء كوفيد للمطالبة بأموالك انقر على هذا الرابط,1
وفقا لحالة الاستخدام الخاصة بك أنت مؤهل لاستخدام حزمة السياسات الكاملة لسيارتك مقابل ريالا شهريا فقط انقر للحصول على قم بالرد بالإيقاف لإلغاء الاشتراك,1
ما لا تعرفه عن القهوة,0
عميلنا العزيزاحصل على رصيد إضافي مجانااشحن رصيد سوا باستخدام البطاقة البنكية من خلال تطبيق واحصل على من قيمة الشحن كرصيد إضافي صالح لمدة أيامالرصيد الإضافي يستخدم للمكالمات داخل الشبكة فقطاضغط على الرابط التالي لتحميل الاستفادة من العرض لمرة واحدة فقطسيتم إضافة الرصيد خلال فترة وجيزةالعرض صالح حتى,0
عززالعمل تم حظر بطاقة الصراف الألي الخاصة بك لأنك لم كن لدك حتى الآن التحدث إذا كنت ترد عمل بطاقة الصراف الألي الخاصة بك بشكل صحح فاتصل بذا الرقم على الفور,1
مفاجآت تطبيق مستمرة و مازيراتي متبقية سجل دخولك بتطبيق واحصل على فرصة للفوز بسيارة مازيراتي ليفانتي بإمكانك تسجل الدخول عن طريق الدخول المباشر الدخول برقم سري مؤقت لرقم محدد الدخول باسم المستخدم وكلمة المرور لمضاعفة فرصك بالفوز سجل الدخول بأرقامك الأخرى المسجلة باسمك وهذا فيديو قصير يشرح كيفية الدخول لتحميل تطبيق ما انتهت للمزيد أرسل إلى,0
يؤسفنا إبلاغك بأنه قد تم تعليق عضويتك في بسبب حدوث مشكلات تتعلق بمعلومات الفوترة الخاصة بك نرجو منك تحديث معلومات الفواتير الخاصة بك في أقرب وقت ممكن لمواصلة استخدام حسابك دون أي انقطاع لاستخدام حسابك كالمعتاد يرجى اتباع التعليمات بالنقر على الرابط أدناه خدمات,1
من رسالة الدفعة الشهرية ل غير ناجحة وحسابك مغلق مؤقتا شاهد التفاصيل الكاملة في المرفق أدناه فشل الاشتراك تم تضمين محتوى وسائط إضافي يرجى التحقق من الرسالة بالتفصيل,1
محل دار ستر لبيع الملابس المحتشمة انشروها للناس قبل العيد فإن من أعظم مايؤرق العفيفات وأولياءهن اللباس الساتر الراقي ادعموهم سترهم الله كما يسعون في ستر نساء المسلمين,0
عميلنا العزيزنأمل التأكد من تجديد اشتراككم بباقة سوا شير قبل حتى لا تفصل الخدمةأي رصيد مسترد سيتم فقده في حال عدم تجديد الباقة قبل إنتهاء صلاحية الرصيد للاستعلام عن الرصيد المسترد ارسل الى,0
عزيزي المتسوق لقد تم اختيارك عشوائيا للإجابة على استبيان قصير جدا سيتم الدفع لك مقابل وقتك,1
وزارة التعليم بعد تمكينها من إعلان وظائفها تدعو الخريجين والخريجات لشغل من الوظائف التعليمية الشاغرة,0
يرجى ملاحظة أن هذه هي هدية العطلة الصغيرة المفاجئة للتعبير عن ولائنا المتبادل لسجل الدفع المتميز الخاص بك دعونا نحظى بعام رائع آخر,1
خصم بيسيل مكينة التنظيف العميق ب رس فقط,0
حرصا على سلامتكم يؤكد الدفاع المدني أهمية اتخاذ اعلى درجات الحيطة والحذر ومراعاة جوانب السلامة عند هطول الأمطار ويدعو إلى تجنب مجاري السيول وتجمعات المياه نهتم بسلامتكم,0
للاستثمار الأمثل للوقت سماع أربع كتب تفسير التفسير الميسر المختصر في التفسير تفسير السعدي تفسير ابن جزي يعمل وأنت تتصفح جهازك قد لا تجد وقتا للسماع لكنك لن تعدم وقتا للنشر,0
وفقا لتقارير الهيئة العامة للارصاد وحماية البيئة بتعرض معظم مناطق المملكة لتقلبات جوية تتمثل في رياح نشطة مثيرة للاتربة والغبار وغيوم رعدية تصحب بامطار من متوسطة الى غزيرة فإن الدفاع المدني يؤكد على أهمية اتخاذ اعلى درجات الحيطة والحذر واتباع تعليماته في مثل هذة الحالات متمنين السلامة للجميع,0
عملاء أكمل هذا الاستبيان واكسب ما يصل إلى ريال من رصيد تنتهي هذه الصفقة الخاصة غدا الساعة صباحا,1
قام فريقنا بإغلاق الخصم الخاص بك في يوليو يرجى زيارة لفتحه قم بالرد بالإيقاف لإلغاء الاشتراك,1
تم استلام ل شكرا هذه هي الهدية الصغيرة التي أرسلتها لك,1
شراء عبر الأنترنت بطاقة مدى رقم,0
نظرا لأنك عميل محترم لشركة فلدينا تبرع بقيمة ريال مخصص لك ليس من لجهودك ما عليك سوى الرد على هذا الاستبيان المكون من سؤالين وسيتم تعويضك الرابط النهاية,1
الأمن العام يدعو الجميع لإختيار الأوقات المناسبة للعمرة والزيارة,0
هذه هي النصيحة الثانية والأخيرة نحن أداتك على الفور الرجاء القضاء على غير المرغوب فيها قم بالمسح الضوئي اليوم,1
عاجل شركات الاتصالات العاملة بالمملكة تعاود من جديد حجب الاتصال عبر تطبيق الواتساب الراصد نيوز,0
لقد تم حظر حسابك البنكي عبر الإنترنت بسبب أنشطة غير عادية يرجى التحقق من حسابك من خلال النقر على الرابط لاستخدام حسابك,1
الحلقة السادسة لسلسلة قلبية متميزة قلب يتعبد بالرجاء رابطه الحلقة على الساوند رابط الحلقة على اليوتيوب,0
ربما تم فرض رسوم زائدة على سياستك التلقائية لعام بحلول عام تحقق من إمكانية استرداد النقود لعام,1
هو الخاص بك لا تشاركه مع أي شخص إذا لم تقم بتقديم هذا الطلب قم بتسجيل الدخول للتحقق أدناه وإلا فتجاهل هذه الرسالة فريق أمازون,1
لقد تم خصم مبلغ ريالا سعوديا من حسابك مقابل معرف الطلب إذا لم تسمح بهذا اتصل بنا على,1
خلقت الأرض جميلة بالنقاء فلنحم جمالها من التلوثشاركنا فعاليات اسبوع البيئةولمعرفة أماكن الفعاليات بالمملكة زر الرابط تحيات وزارة البيئة والمياه والزراعة,0
لقد أرسلت للتو دفعة إلى بمبلغ ريالا سعوديا إذا لم تقم بإجراء هذه المعاملة فيجب عليك الإلغاء قبل ساعات,1
تنبيه تم تعطيل الخدمات المصرفية عبر الإنترنت الخاصة بك بسبب التحديثات الجديدة عبر الإنترنت لتحديث معلوماتك يرجى التحقق من ذلك على,1
اشترك بباقات الدقائق المحلية لكل الشبكات بصلاحية أسابيع دقيقة محلية لكل الشبكات ب ريال أرسل إلى للاشتراك دقيقة محلية لكل الشبكات ب ريال أرسل إلى للاشتراكللمزيد عن باقاتنا أرسل سوا إلى,0
عندنا لك مفاجأة حول أموالك دوليا مع برسوم تحويل ريال فقط حمل التطبيق الآن,0
كلمة مرور صالحة لمرة واحدةرمز ل تنشيط المستفيد,0
محتاج كاش الحل عندنا تقدم بطلبك الآن على أسهل تمويل,0
عزيز العميل تم حظر بطاقة الصراف الآلي الخاصة بك لأنك لا تملك التحديث بعد اتصل بهذا الرقم على الفور,1
من الطرد الخاص بك معلق بسبب عنوان مستلم غير صالح املأ معلومات العنوان الصحيحة عن طريق الرابط,1
ملفك الشخصي على الإنترنت لديه ارتباط محتمل بوجود ثغرة أمنية في النظام قم بتسجيل الدخول والتحقق من التفاصيل الخاصة بك على لمنع سرقة الهوية يا,1
لفترة محدودة جيجا إضافية مع سوا لايكاستمتع ب جيجا انترنت و جيجا لمواقع التواصل الاجتماعي بالإضافة إلى جيجا مجانا مع دقيقة داخل الشبكة كل هذا ب ريال فقط للاشتراك أرسل إلى سيتم تفعيل ال جيجا الإضافية خلال ساعةالعرض صالح لمدة أيام فقطلمعرفة المزيد عن باقات سوا أرسل إلى,0
عميلنا العزيز استخدم نقاطك مع شركاء قطاف واستمتع بأجمل الخدمات والمنتجات الرائعة للمزيد عن قطاف أرسل قطاف إلى وللاطلاع على قائمة شركاء قطاف يرجى زيارة,0
صارت جيجا مع سوا لايك استمتع ب جيجا لمواقع التواصل الاجتماعي جيجا انترنت بالإضافة إلى دقيقة داخل الشبكة صالحة لمدة أسابيع كل هذا ب ريال فقط للاشتراك أرسل إلى للمزيد عن باقات سوا أرسل إلى,0
الرئاسة العامة الحرمين الشريفين تعلن عن فتح استقبال و تسجيل طلبات التوظيف الموسمي لموسمي رمضان والحج,0
عميلنا العزيزنحيطك علما أنه تم تخصيص خدمة خاصة مجانية للإبلاغ عن الرسائل النصية القصيرة التي ترد وتتضمن رسائل احتيال مثل الرسائل المشبوهة والتي تطلب تحديث البيانات البنكية أو تفيد بوعود بالفوز بمكافئات وجوائز ماليةنأمل الإبلاغ عنها بإعادة إرسال الرسالة النصية القصيرة للرمز الموحد,0
جهز حماسك وضبط جدولك جايك موسم الرياض بكل فعالياته مطاعمه وفنونه من بكرة أكتوبر إلى منتصف ديسمبرالوعد الرياض,0
صديقي العزيز مجموعة دراسة تداول البيتكوين,1
بطاقتك التي تبدأ ب تم حظرها مؤقتا قم بإلغاء حظر البطاقة على,1
عزيزنا عميل برنامج تواصللديك نقاط شارفت على الانتهاءاستفد منها بقيمة ريالاستخدم رمز في العربية للعود,0
انترنت أكثر ومكالمات لا محدودة مع سوا شير احصل على مكالمات لا محدودة داخل الشبكة جيجا انترنت جيجا في شبكة واي فاي بالإضافة إلى جيجا تقدر تتواصل فيها من خلال شبكات التواصل الاجتماعي كل هذا ب ريال فقط ورصيد مسترد بقيمة ريال عند تجديد الباقة صلاحية الباقة أسابيع للاشتراك أرسل إلى لا تفوت الفرصة العرض لمدة محدودة لمعرفة المزيد عن باقات سوا أرسل إلى أو عن طريق زيارة تطبيق,0
تابع البرامج التي فاتتك حتى ساعة من خلال البث المباشر في تطبيق جوي اشترك الآن وابدأ فترتك التجريبية مجاناسعر الاشتراك الشهري بعد الفترة التجريبية هو ريالمشاهدة ممتعة,0
مرحبا ماذا تفعل الليلة هل لديك أي خطط سأكون هنا إذا كنت تريد الدردشة,1
كلمة مرور صالحة لمرة واحدةرمز ل تنشيط المستفيد في,0
من دخل إضافي لك مرحبا هل أنت مهتم بوظيفة عمل من المنزل بقيمة ريالا بالساعة التدريب أسبوع واحد الدفع تابع من أسبوعيا الخبرة غير مطلوبة الموقع في أي مكان من اختيارك يرجى الرد ب نعم للمتابعة النهاية,1
لكسب ببساطة الرد نعم اسمحوا لنا أن نعرف ما هو رأيك سوف تقوم كوستكو بإرجاع ما يصل إلى ريال لكل مشاركة مساء,1
عميلنا العزيزهذه بعض الأرقام الهامة التي قد تحتاج إليها خلال إقامتك في تركياسفارة المملكة في أنقرة الخطوط السعودية في أنقرة اسطنبول شؤون السعوديين في أنقرة اسطنبول قنصلية المملكة في اسطنبول الملحقية الثقافية الملحقية التجارية طوارئ السعوديين العناية بالعملاء مجانا,0
شحن سوا صار أسهل مما تتوقع الحين ومن خلال حسابك البنكي وبسهولة بتقدر تستخدم القنوات المتاحة على موقع الإنترنت وتطبيقات الأجهزة الذكية والهاتف المصرفي وبطاقة مدى وأجهزة الصراف الآلي وبتتم عملية الشحن على طول لا وصرت تقدر تشحن سوا من خطك المفوتر بعد قنوات الرقمية في خدمتك تعرف على تفاصيلها بإرسال ذاتي إلى مجانا,0
عميلنا العزيز نشكركم على اختيار خط مسبق الدفع سوا من ونقدر تعاملكم معنا نفيدكم بأن الرصيد الحالي لخط سوا ريال يمكنكم اختيار أحدى باقات سوا التوفيرية المتنوعة والتي تمنحكم العديد من المميزات والخدمات لمعلومات أكثر عن باقات سوا أرسل إلى وللتحقق من رصيد سوا ادخل الرمز ثم اضغط اتصال أو اتصل بالرقم كما يمكنكم الاطلاع و التحكم بجميع خصائص خطكم بكل سهولة من خلال استخدام تطبيق للأجهزة الذكية من الرابط ادناه,0
مرحبا بكم في مصرف الراجحي قم بتحميل تطبيق المصرف واستمتع بتنفيذ عملياتك المصرفية بشكل أسهل وأسرع,0
خليناها جيجا في سوا لايك احصل على جيجا خاصة بشبكات التواصل الاجتماعي جيجا إنترنت مع جيجا إضافية جيجا في شبكة واي فاي ومكالمات دقيقة داخل الشبكة كل هذا ب ريال فقط صلاحية الباقة أسابيع للاشتراك أرسل إلى لا تفوت الفرصة العرض لمدة محدودة سيتم تفعيل ال جيجا الإضافية خلال ساعة لمعرفة المزيد عن باقات سوا أرسل إلى أو عن طريق زيارة تطبيق,0
استخدم القنوات الالكترونية لتوفير وقتك وجهدك اليوم العالمي لحماية المستهلك,0
هذه هدية للتعبير عن امتناننا لسجل الدفع الاستثنائي الخاص بك عيد ميلاد مجيد,1
بالنسبة لشركة كوست الولاء هو كل شيء نحن على استعداد لدفع ريالا للدقيقة مقابل رأيك ونحن بحاجة إليه,1
جيجا مجانا احصل على جيجابايت انترنت مجانية صالحة لمدة أيام بالإضافة الى فرصة ربح سيارة مازيراتي ليفانتي بمجرد تسجيل دخولك في تطبيق بأحد الطرق التالية الدخول المباشر الدخول برقم سري مؤقت الدخول باسم المستخدم وكلمة المرور سيتم إضافة البيانات خلال ساعة من وقت دخولك التطبيق ينتهي عرض الانترنت المجاني في تاريخ ديسمبر لتحميل التطبيق,0
عزيزي العميل تم سداد الفاتورة بمبلغ بنجاح في,0
كلمة مرور لمرة واحدةرمزل الدخول تطبيق المباشر,0
رساله صباحية اللهم إنا نساألك حياة سعيدة رفقة صالحة نهاية عمر جميلة رزق مبارك أدعية مستجابة أمنيات محققة وجنة لنا ولوالدينا ولمن نحب اصبحنا وأصبح الملك لله,0
بنربط البندانا وبنروح الميدل بيست,0
خليك على الموضة مع جيوردانو اختر أزيائك من جيوردانو واحصل على نقطة قطاف مع كل عشرين ريال من مشترياتك كل ما عليك هو تزويد الفرع برقم جوالك عند إتمام الشراء لإضافة النقاط لرصيدك وباستطاعتك استبدال نقاطك لدفع قيمة مشترياتك لمعرفة المزيد عن شركاء قطاف يرجى زيارة,0
ارسل الى واحصل على تطبيق جوي ب ريال لمدة ثلاث أشهر مع بيانات لا محدودة على جوي اشترك الان وأول أيام مجانا للعملاء الجدد هذا العرض متاح لك فقط حتى تاريخ م,0
لأول مره في مدينه الطائف بتنظيم من مجموعة أتعلم التقنية وبدعم من مبادره العطاء الرقمي وحاضنة بادر دوره أساسيات الأردوينو مجانا ملاحظه في حال تسجيلك يرجى انتظار رسالة تأكيد التسجيل لتسجيل,0
مباشر أفراد كلمة السر للدخول,0
مرحبا بك في الانضمام إلى مجموعة دراسة مناقشة حيث يمكنك تعلم كسب يوميا يرجى النقر فوق,1
